[
  {
    "REGION": "AMAZONAS",
    "codigo": "152204",
    "lat": -5.75619,
    "lon": -78.52306,
    "name": "EL PINTOR"
  },
  {
    "REGION": "AMAZONAS",
    "codigo": "152210",
    "lat": -5.89106,
    "lon": -78.18886,
    "name": "MAGUNCHAL"
  },
  {
    "REGION": "ANCASH",
    "codigo": "155105",
    "lat": -10.4,
    "lon": -77.4,
    "name": "OCROS"
  },
  {
    "REGION": "ANCASH",
    "codigo": "000441",
    "lat": -9.72919,
    "lon": -77.45365,
    "name": "RECUAY"
  },
  {
    "REGION": "ANCASH",
    "codigo": "150903",
    "lat": -10.1577,
    "lon": -77.43222,
    "name": "MAYORARCA"
  },
  {
    "REGION": "ANCASH",
    "codigo": "154111",
    "lat": -8.56667,
    "lon": -77.65,
    "name": "SIHUAS"
  },
  {
    "REGION": "ANCASH",
    "codigo": "000435",
    "lat": -9.43375,
    "lon": -78.20821,
    "name": "BUENA VISTA"
  },
  {
    "REGION": "ANCASH",
    "codigo": "154110",
    "lat": -9.58528,
    "lon": -77.70719,
    "name": "PIRA"
  },
  {
    "REGION": "ANCASH",
    "codigo": "154107",
    "lat": -9.53547,
    "lon": -77.77558,
    "name": "CHACCHAN"
  },
  {
    "REGION": "ANCASH",
    "codigo": "150902",
    "lat": -9.88333,
    "lon": -77.23333,
    "name": "MILPO"
  },
  {
    "REGION": "APURIMAC",
    "codigo": "000677",
    "lat": -13.5522,
    "lon": -72.73472,
    "name": "CURAHUASI"
  },
  {
    "REGION": "AREQUIPA",
    "codigo": "157317",
    "lat": -15.6099,
    "lon": -71.80654,
    "name": "MADRIGAL"
  },
  {
    "REGION": "AREQUIPA",
    "codigo": "000765",
    "lat": -15.8363,
    "lon": -71.0875,
    "name": "IMATA"
  },
  {
    "REGION": "AREQUIPA",
    "codigo": "158208",
    "lat": -15.9786,
    "lon": -71.21333,
    "name": "PILLONES"
  },
  {
    "REGION": "AREQUIPA",
    "codigo": "000755",
    "lat": -15.4942,
    "lon": -71.46378,
    "name": "SIBAYO"
  },
  {
    "REGION": "AREQUIPA",
    "codigo": "000864",
    "lat": -15.7830,
    "lon": -72.88278,
    "name": "YANAQUIHUA"
  },
  {
    "REGION": "AREQUIPA",
    "codigo": "157309",
    "lat": -15.1358,
    "lon": -72.75278,
    "name": "PULLHUAY (AYAHUASI)"
  },
  {
    "REGION": "AREQUIPA",
    "codigo": "000749",
    "lat": -15.2113,
    "lon": -72.89331,
    "name": "COTAHUASI"
  },
  {
    "REGION": "AREQUIPA",
    "codigo": "000837",
    "lat": -17.0714,
    "lon": -71.72454,
    "name": "PAMPA BLANCA"
  },
  {
    "REGION": "AREQUIPA",
    "codigo": "000801",
    "lat": -15.5,
    "lon": -72.83333,
    "name": "SALAMANCA"
  },
  {
    "REGION": "AREQUIPA",
    "codigo": "007308",
    "lat": -15.6452,
    "lon": -72.50222,
    "name": "MACHAHUAY"
  },
  {
    "REGION": "AREQUIPA",
    "codigo": "157314",
    "lat": -15.5749,
    "lon": -72.12932,
    "name": "CHOCO"
  },
  {
    "REGION": "AREQUIPA",
    "codigo": "157312",
    "lat": -15.4986,
    "lon": -72.26694,
    "name": "CHACHAS"
  },
  {
    "REGION": "AREQUIPA",
    "codigo": "157313",
    "lat": -15.6791,
    "lon": -72.27028,
    "name": "AYO"
  },
  {
    "REGION": "AREQUIPA",
    "codigo": "157310",
    "lat": -15.4933,
    "lon": -72.34889,
    "name": "ANDAHUA"
  },
  {
    "REGION": "AREQUIPA",
    "codigo": "000833",
    "lat": -16.0691,
    "lon": -72.49028,
    "name": "APLAO"
  },
  {
    "REGION": "AREQUIPA",
    "codigo": "000830",
    "lat": -16.2283,
    "lon": -73.69417,
    "name": "PUNTA ATICO"
  },
  {
    "REGION": "AREQUIPA",
    "codigo": "000746",
    "lat": -15.7757,
    "lon": -73.36261,
    "name": "CARAVELI"
  },
  {
    "REGION": "AREQUIPA",
    "codigo": "000804",
    "lat": -16.5836,
    "lon": -71.92479,
    "name": "LA JOYA"
  },
  {
    "REGION": "AREQUIPA",
    "codigo": "000805",
    "lat": -16.3356,
    "lon": -72.15266,
    "name": "PAMPA DE MAJES"
  },
  {
    "REGION": "AREQUIPA",
    "codigo": "157315",
    "lat": -15.7320,
    "lon": -72.10689,
    "name": "HUAMBO"
  },
  {
    "REGION": "AREQUIPA",
    "codigo": "000754",
    "lat": -15.1825,
    "lon": -71.63457,
    "name": "LA ANGOSTURA"
  },
  {
    "REGION": "AREQUIPA",
    "codigo": "000758",
    "lat": -15.6416,
    "lon": -71.60173,
    "name": "CHIVAY"
  },
  {
    "REGION": "AREQUIPA",
    "codigo": "157311",
    "lat": -15.2605,
    "lon": -72.33861,
    "name": "ORCOPAMPA"
  },
  {
    "REGION": "AREQUIPA",
    "codigo": "000849",
    "lat": -16.1547,
    "lon": -71.1891,
    "name": "EL FRAYLE"
  },
  {
    "REGION": "AREQUIPA",
    "codigo": "000847",
    "lat": -16.4064,
    "lon": -71.40939,
    "name": "CHIGUATA"
  },
  {
    "REGION": "AREQUIPA",
    "codigo": "158209",
    "lat": -16.3177,
    "lon": -71.14806,
    "name": "LAS SALINAS"
  },
  {
    "REGION": "AREQUIPA",
    "codigo": "000839",
    "lat": -16.4050,
    "lon": -71.52334,
    "name": "LA PAMPILLA"
  },
  {
    "REGION": "AREQUIPA",
    "codigo": "157300",
    "lat": -15.5481,
    "lon": -72.91832,
    "name": "CHICHAS"
  },
  {
    "REGION": "AREQUIPA",
    "codigo": "157329",
    "lat": -15.35,
    "lon": -71.31667,
    "name": "PORPERA"
  },
  {
    "REGION": "AYACUCHO",
    "codigo": "000736",
    "lat": -14.6988,
    "lon": -74.13111,
    "name": "PUQUIO"
  },
  {
    "REGION": "AYACUCHO",
    "codigo": "000743",
    "lat": -15.0113,
    "lon": -73.77917,
    "name": "CORACORA"
  },
  {
    "REGION": "AYACUCHO",
    "codigo": "157223",
    "lat": -15.1836,
    "lon": -73.35028,
    "name": "LAMPA"
  },
  {
    "REGION": "AYACUCHO",
    "codigo": "156211",
    "lat": -13.6483,
    "lon": -73.93444,
    "name": "VILCASHUAMAN"
  },
  {
    "REGION": "AYACUCHO",
    "codigo": "156212",
    "lat": -13.8825,
    "lon": -73.72639,
    "name": "CHILCAYOC"
  },
  {
    "REGION": "AYACUCHO",
    "codigo": "000745",
    "lat": -15.2752,
    "lon": -73.34111,
    "name": "PAUZA"
  },
  {
    "REGION": "AYACUCHO",
    "codigo": "157206",
    "lat": -14.62,
    "lon": -74.22,
    "name": "LUCANAS"
  },
  {
    "REGION": "AYACUCHO",
    "codigo": "151602",
    "lat": -14.1319,
    "lon": -74.94056,
    "name": "HUAC-HUAS"
  },
  {
    "REGION": "AYACUCHO",
    "codigo": "157200",
    "lat": -14.2463,
    "lon": -74.92556,
    "name": "LLAUTA"
  },
  {
    "REGION": "CAJAMARCA",
    "codigo": "000352",
    "lat": -6.37833,
    "lon": -78.81556,
    "name": "CUTERVO"
  },
  {
    "REGION": "CAJAMARCA",
    "codigo": "153109",
    "lat": -6.27361,
    "lon": -79.03694,
    "name": "QUEROCOTILLO"
  },
  {
    "REGION": "CAJAMARCA",
    "codigo": "153108",
    "lat": -6.68778,
    "lon": -78.45694,
    "name": "QUEBRADA SHUGAR"
  },
  {
    "REGION": "CAJAMARCA",
    "codigo": "153208",
    "lat": -6.67056,
    "lon": -78.73694,
    "name": "CHUGUR"
  },
  {
    "REGION": "CAJAMARCA",
    "codigo": "000349",
    "lat": -5.67175,
    "lon": -78.89767,
    "name": "LA CASCARILLA"
  },
  {
    "REGION": "CAJAMARCA",
    "codigo": "000250",
    "lat": -5.64389,
    "lon": -79.09,
    "name": "CHONTALI"
  },
  {
    "REGION": "CAJAMARCA",
    "codigo": "000241",
    "lat": -5.91806,
    "lon": -79.3175,
    "name": "EL LIMON"
  },
  {
    "REGION": "CAJAMARCA",
    "codigo": "153107",
    "lat": -6.04167,
    "lon": -79.13389,
    "name": "HACIENDA PUCARA"
  },
  {
    "REGION": "CAJAMARCA",
    "codigo": "152129",
    "lat": -5.65028,
    "lon": -79.31694,
    "name": "SALLIQUE"
  },
  {
    "REGION": "CAJAMARCA",
    "codigo": "153103",
    "lat": -6.40806,
    "lon": -79.35583,
    "name": "TOCMOCHE"
  },
  {
    "REGION": "CAJAMARCA",
    "codigo": "000341",
    "lat": -6.51444,
    "lon": -79.1225,
    "name": "LLAMA"
  },
  {
    "REGION": "CAJAMARCA",
    "codigo": "153235",
    "lat": -6.55972,
    "lon": -78.74833,
    "name": "CHOTANO LAJAS"
  },
  {
    "REGION": "CAJAMARCA",
    "codigo": "000353",
    "lat": -6.46,
    "lon": -78.88861,
    "name": "COCHABAMBA"
  },
  {
    "REGION": "CAJAMARCA",
    "codigo": "153223",
    "lat": -7.45083,
    "lon": -78.26861,
    "name": "CACHACHI"
  },
  {
    "REGION": "CAJAMARCA",
    "codigo": "000373",
    "lat": -7.62167,
    "lon": -78.05111,
    "name": "CAJABAMBA"
  },
  {
    "REGION": "CAJAMARCA",
    "codigo": "000369",
    "lat": -7.29083,
    "lon": -78.49583,
    "name": "SAN JUAN"
  },
  {
    "REGION": "CAJAMARCA",
    "codigo": "000393",
    "lat": -7.32611,
    "lon": -78.51583,
    "name": "ASUNCION"
  },
  {
    "REGION": "CAJAMARCA",
    "codigo": "000304",
    "lat": -7.1675,
    "lon": -78.49306,
    "name": "AUGUSTO WEBERBAUER"
  },
  {
    "REGION": "CAJAMARCA",
    "codigo": "153201",
    "lat": -7.42833,
    "lon": -78.92667,
    "name": "SAN BENITO"
  },
  {
    "REGION": "CAJAMARCA",
    "codigo": "153203",
    "lat": -7.21972,
    "lon": -78.83806,
    "name": "CHILETE"
  },
  {
    "REGION": "CAJAMARCA",
    "codigo": "000260",
    "lat": -5.30861,
    "lon": -78.8975,
    "name": "CHIRINOS"
  },
  {
    "REGION": "CAJAMARCA",
    "codigo": "000240",
    "lat": -5.32194,
    "lon": -79.28806,
    "name": "TABACONAS"
  },
  {
    "REGION": "CAJAMARCA",
    "codigo": "000370",
    "lat": -7.3225,
    "lon": -78.1725,
    "name": "SAN MARCOS"
  },
  {
    "REGION": "CAJAMARCA",
    "codigo": "153111",
    "lat": -7.07944,
    "lon": -79.04056,
    "name": "LIVES"
  },
  {
    "REGION": "CAJAMARCA",
    "codigo": "153110",
    "lat": -6.81478,
    "lon": -79.09381,
    "name": "UDIMA"
  },
  {
    "REGION": "CAJAMARCA",
    "codigo": "000395",
    "lat": -6.575,
    "lon": -78.86722,
    "name": "CHANCAY BAÑOS"
  },
  {
    "REGION": "CUSCO",
    "codigo": "000607",
    "lat": -13.5569,
    "lon": -71.87528,
    "name": "GRANJA KCAYRA"
  },
  {
    "REGION": "CUSCO",
    "codigo": "000687",
    "lat": -13.9169,
    "lon": -71.68361,
    "name": "ACOMAYO"
  },
  {
    "REGION": "CUSCO",
    "codigo": "000812",
    "lat": -14.0280,
    "lon": -71.57278,
    "name": "POMACANCHI"
  },
  {
    "REGION": "CUSCO",
    "codigo": "000844",
    "lat": -13.4161,
    "lon": -71.84972,
    "name": "PISAC"
  },
  {
    "REGION": "CUSCO",
    "codigo": "000686",
    "lat": -13.7675,
    "lon": -71.84472,
    "name": "PARURO"
  },
  {
    "REGION": "CUSCO",
    "codigo": "000809",
    "lat": -13.6002,
    "lon": -71.70028,
    "name": "CAY CAY"
  },
  {
    "REGION": "CUSCO",
    "codigo": "156306",
    "lat": -13.3630,
    "lon": -71.67306,
    "name": "COLQUEPATA"
  },
  {
    "REGION": "CUSCO",
    "codigo": "000690",
    "lat": -13.61,
    "lon": -71.56028,
    "name": "CCATCCA"
  },
  {
    "REGION": "HUANCAVELICA",
    "codigo": "156126",
    "lat": -12.5394,
    "lon": -75.23667,
    "name": "HUANCALPI"
  },
  {
    "REGION": "HUANCAVELICA",
    "codigo": "000659",
    "lat": -12.8530,
    "lon": -74.56028,
    "name": "ACOBAMBA"
  },
  {
    "REGION": "HUANCAVELICA",
    "codigo": "000657",
    "lat": -12.9819,
    "lon": -74.71808,
    "name": "LIRCAY"
  },
  {
    "REGION": "HUANCAVELICA",
    "codigo": "151503",
    "lat": -13.2206,
    "lon": -75.53342,
    "name": "HUACHOS"
  },
  {
    "REGION": "HUANCAVELICA",
    "codigo": "156114",
    "lat": -13.2119,
    "lon": -75.62758,
    "name": "SAN JUAN DE CASTROVIRREYNA"
  },
  {
    "REGION": "HUANCAVELICA",
    "codigo": "156130",
    "lat": -13.1002,
    "lon": -75.07369,
    "name": "CHOCLOCOCHA"
  },
  {
    "REGION": "HUANCAVELICA",
    "codigo": "157101",
    "lat": -14.0336,
    "lon": -75.16694,
    "name": "CORDOVA"
  },
  {
    "REGION": "HUANCAVELICA",
    "codigo": "000647",
    "lat": -13.2593,
    "lon": -75.08603,
    "name": "TUNEL CERO"
  },
  {
    "REGION": "HUANCAVELICA",
    "codigo": "156123",
    "lat": -13.8330,
    "lon": -75.25083,
    "name": "SANTIAGO DE CHOCORVOS"
  },
  {
    "REGION": "HUANCAVELICA",
    "codigo": "156122",
    "lat": -13.6916,
    "lon": -75.27426,
    "name": "TAMBO"
  },
  {
    "REGION": "HUANCAVELICA",
    "codigo": "000625",
    "lat": -12.3661,
    "lon": -75.05639,
    "name": "ACOSTAMBO"
  },
  {
    "REGION": "HUANCAVELICA",
    "codigo": "006200",
    "lat": -12.1994,
    "lon": -74.78583,
    "name": "SALCABAMBA"
  },
  {
    "REGION": "HUANUCO",
    "codigo": "000457",
    "lat": -9.92095,
    "lon": -76.30962,
    "name": "CANCHAN"
  },
  {
    "REGION": "HUANUCO",
    "codigo": "000404",
    "lat": -9.95201,
    "lon": -76.24856,
    "name": "HUANUCO"
  },
  {
    "REGION": "HUANUCO",
    "codigo": "000552",
    "lat": -10.3292,
    "lon": -76.17652,
    "name": "SAN RAFAEL"
  },
  {
    "REGION": "HUANUCO",
    "codigo": "000468",
    "lat": -9.3085,
    "lon": -76.00044,
    "name": "TINGO MARIA"
  },
  {
    "REGION": "HUANUCO",
    "codigo": "000469",
    "lat": -9.14706,
    "lon": -76.00944,
    "name": "TULUMAYO"
  },
  {
    "REGION": "ICA",
    "codigo": "000700",
    "lat": -14.0732,
    "lon": -75.71097,
    "name": "SAN CAMILO"
  },
  {
    "REGION": "ICA",
    "codigo": "000650",
    "lat": -13.7411,
    "lon": -75.96636,
    "name": "HACIENDA BERNALES"
  },
  {
    "REGION": "ICA",
    "codigo": "157102",
    "lat": -14.2369,
    "lon": -75.10361,
    "name": "PAMPA BLANCA"
  },
  {
    "REGION": "ICA",
    "codigo": "000698",
    "lat": -14.5264,
    "lon": -75.21306,
    "name": "RIO GRANDE"
  },
  {
    "REGION": "ICA",
    "codigo": "000730",
    "lat": -14.3783,
    "lon": -75.68206,
    "name": "OCUCAJE"
  },
  {
    "REGION": "ICA",
    "codigo": "000640",
    "lat": -13.8415,
    "lon": -75.60723,
    "name": "HUAMANI"
  },
  {
    "REGION": "ICA",
    "codigo": "000791",
    "lat": -13.4578,
    "lon": -76.13425,
    "name": "FONAGRO (CHINCHA)"
  },
  {
    "REGION": "ICA",
    "codigo": "156113",
    "lat": -13.2117,
    "lon": -75.78571,
    "name": "SAN JUAN DE YANAC"
  },
  {
    "REGION": "ICA",
    "codigo": "000727",
    "lat": -14.9749,
    "lon": -74.89081,
    "name": "COPARA"
  },
  {
    "REGION": "JUNIN",
    "codigo": "000477",
    "lat": -12.0041,
    "lon": -75.22083,
    "name": "SANTA ANA"
  },
  {
    "REGION": "JUNIN",
    "codigo": "000608",
    "lat": -12.1630,
    "lon": -75.23528,
    "name": "VIQUES"
  },
  {
    "REGION": "JUNIN",
    "codigo": "155231",
    "lat": -11.8808,
    "lon": -75.28778,
    "name": "INGENIO"
  },
  {
    "REGION": "JUNIN",
    "codigo": "155229",
    "lat": -11.5394,
    "lon": -75.52389,
    "name": "RICRAN"
  },
  {
    "REGION": "JUNIN",
    "codigo": "155115",
    "lat": -11.2,
    "lon": -76.28333,
    "name": "CARHUACAYAN"
  },
  {
    "REGION": "JUNIN",
    "codigo": "000635",
    "lat": -12.0383,
    "lon": -75.33806,
    "name": "HUAYAO"
  },
  {
    "REGION": "JUNIN",
    "codigo": "155121",
    "lat": -11.3333,
    "lon": -76.4,
    "name": "YANTAC"
  },
  {
    "REGION": "JUNIN",
    "codigo": "000503",
    "lat": -11.7866,
    "lon": -75.48689,
    "name": "JAUJA"
  },
  {
    "REGION": "LA LIBERTAD",
    "codigo": "154101",
    "lat": -8.0425,
    "lon": -78.48583,
    "name": "JULCAN"
  },
  {
    "REGION": "LA LIBERTAD",
    "codigo": "153101",
    "lat": -7.7675,
    "lon": -78.47722,
    "name": "CALLANCAS"
  },
  {
    "REGION": "LA LIBERTAD",
    "codigo": "153206",
    "lat": -7.85083,
    "lon": -78.75583,
    "name": "SINSICAP"
  },
  {
    "REGION": "LA LIBERTAD",
    "codigo": "000374",
    "lat": -7.81917,
    "lon": -78.04,
    "name": "HUAMACHUCO"
  },
  {
    "REGION": "LA LIBERTAD",
    "codigo": "154103",
    "lat": -8.09167,
    "lon": -78.14944,
    "name": "CACHICADAN"
  },
  {
    "REGION": "LA LIBERTAD",
    "codigo": "154112",
    "lat": -8.12139,
    "lon": -78.29306,
    "name": "HUACAMARCANGA"
  },
  {
    "REGION": "LA LIBERTAD",
    "codigo": "154102",
    "lat": -8.00417,
    "lon": -78.30778,
    "name": "QUIRUVILCA"
  },
  {
    "REGION": "LA LIBERTAD",
    "codigo": "154106",
    "lat": -8.19167,
    "lon": -77.95417,
    "name": "MOLLEPATA"
  },
  {
    "REGION": "LA LIBERTAD",
    "codigo": "153327",
    "lat": -7.93722,
    "lon": -78.66833,
    "name": "HUANGACOCHA"
  },
  {
    "REGION": "LA LIBERTAD",
    "codigo": "000325",
    "lat": -7.28005,
    "lon": -79.4191,
    "name": "TALLA (GUADALUPE)"
  },
  {
    "REGION": "LAMBAYEQUE",
    "codigo": "000332",
    "lat": -6.88617,
    "lon": -79.83544,
    "name": "REQUE"
  },
  {
    "REGION": "LAMBAYEQUE",
    "codigo": "000320",
    "lat": -6.89825,
    "lon": -79.55936,
    "name": "CAYALTI"
  },
  {
    "REGION": "LAMBAYEQUE",
    "codigo": "153102",
    "lat": -6.1313,
    "lon": -79.4045,
    "name": "CUEVA BLANCA"
  },
  {
    "REGION": "LAMBAYEQUE",
    "codigo": "000333",
    "lat": -6.33278,
    "lon": -79.76833,
    "name": "JAYANCA (LA VIÑA)"
  },
  {
    "REGION": "LAMBAYEQUE",
    "codigo": "152107",
    "lat": -5.58083,
    "lon": -79.96989,
    "name": "VIRREY"
  },
  {
    "REGION": "LAMBAYEQUE",
    "codigo": "000301",
    "lat": -6.73153,
    "lon": -79.90244,
    "name": "LAMBAYEQUE"
  },
  {
    "REGION": "LAMBAYEQUE",
    "codigo": "153114",
    "lat": -6.35028,
    "lon": -79.46694,
    "name": "PUCHACA"
  },
  {
    "REGION": "LAMBAYEQUE",
    "codigo": "000340",
    "lat": -6.81753,
    "lon": -79.20161,
    "name": "EL ESPINAL"
  },
  {
    "REGION": "LIMA",
    "codigo": "151208",
    "lat": -10.6213,
    "lon": -77.04027,
    "name": "GORGOR"
  },
  {
    "REGION": "LIMA",
    "codigo": "000547",
    "lat": -11.4712,
    "lon": -76.62569,
    "name": "CANTA"
  },
  {
    "REGION": "LIMA",
    "codigo": "151204",
    "lat": -11.6166,
    "lon": -76.7,
    "name": "ARAHUAY"
  },
  {
    "REGION": "LIMA",
    "codigo": "000543",
    "lat": -11.9885,
    "lon": -76.83883,
    "name": "ÑAÑA"
  },
  {
    "REGION": "LIMA",
    "codigo": "151209",
    "lat": -11.9298,
    "lon": -76.68967,
    "name": "CHOSICA"
  },
  {
    "REGION": "LIMA",
    "codigo": "000618",
    "lat": -11.7833,
    "lon": -77.1,
    "name": "HUARANGAL"
  },
  {
    "REGION": "LIMA",
    "codigo": "155201",
    "lat": -10.7833,
    "lon": -76.9,
    "name": "ANDAJES"
  },
  {
    "REGION": "LIMA",
    "codigo": "000541",
    "lat": -10.6676,
    "lon": -76.7687,
    "name": "OYON"
  },
  {
    "REGION": "LIMA",
    "codigo": "000536",
    "lat": -11.2169,
    "lon": -77.38361,
    "name": "SANTA ROSA"
  },
  {
    "REGION": "LIMA",
    "codigo": "155212",
    "lat": -10.9666,
    "lon": -76.71667,
    "name": "PARQUIN"
  },
  {
    "REGION": "LIMA",
    "codigo": "000542",
    "lat": -10.9166,
    "lon": -76.73333,
    "name": "PICOY"
  },
  {
    "REGION": "LIMA",
    "codigo": "155200",
    "lat": -10.95,
    "lon": -76.93333,
    "name": "PACCHO"
  },
  {
    "REGION": "LIMA",
    "codigo": "155207",
    "lat": -11.05,
    "lon": -76.83333,
    "name": "PACHAMACHAY"
  },
  {
    "REGION": "LIMA",
    "codigo": "000501",
    "lat": -11.0606,
    "lon": -77.55011,
    "name": "ALCANTARILLA"
  },
  {
    "REGION": "LIMA",
    "codigo": "151210",
    "lat": -11.7345,
    "lon": -76.25889,
    "name": "RIO BLANCO"
  },
  {
    "REGION": "LIMA",
    "codigo": "156106",
    "lat": -12.1166,
    "lon": -76.01667,
    "name": "TANTA"
  },
  {
    "REGION": "LIMA",
    "codigo": "151212",
    "lat": -12.45,
    "lon": -76.21667,
    "name": "SAN PEDRO DE PILAS"
  },
  {
    "REGION": "LIMA",
    "codigo": "156103",
    "lat": -12.2833,
    "lon": -76.13333,
    "name": "HUAÑEC"
  },
  {
    "REGION": "LIMA",
    "codigo": "156111",
    "lat": -12.1146,
    "lon": -75.82619,
    "name": "VILCA"
  },
  {
    "REGION": "LIMA",
    "codigo": "156109",
    "lat": -12.3443,
    "lon": -75.87214,
    "name": "CARANIA"
  },
  {
    "REGION": "LIMA",
    "codigo": "156104",
    "lat": -12.3833,
    "lon": -76.13333,
    "name": "AYAVIRI"
  },
  {
    "REGION": "LIMA",
    "codigo": "155450",
    "lat": -12.3331,
    "lon": -75.72264,
    "name": "YAURICOCHA"
  },
  {
    "REGION": "LIMA",
    "codigo": "151213",
    "lat": -11.6608,
    "lon": -76.50183,
    "name": "SHEQUE"
  },
  {
    "REGION": "LIMA",
    "codigo": "155223",
    "lat": -11.6550,
    "lon": -76.51514,
    "name": "CARAMPOMA"
  },
  {
    "REGION": "LIMA",
    "codigo": "156100",
    "lat": -12.0833,
    "lon": -76.5,
    "name": "ANTIOQUIA"
  },
  {
    "REGION": "LIMA",
    "codigo": "000548",
    "lat": -11.8390,
    "lon": -76.37803,
    "name": "MATUCANA"
  },
  {
    "REGION": "LIMA",
    "codigo": "155202",
    "lat": -11.1901,
    "lon": -76.63486,
    "name": "SANTA CRUZ"
  },
  {
    "REGION": "LIMA",
    "codigo": "155209",
    "lat": -11.5,
    "lon": -76.75,
    "name": "HUAMANTANGA"
  },
  {
    "REGION": "LIMA",
    "codigo": "155218",
    "lat": -11.4,
    "lon": -76.56667,
    "name": "HUAROS"
  },
  {
    "REGION": "LIMA",
    "codigo": "155112",
    "lat": -11.3833,
    "lon": -76.5,
    "name": "PARIACANCHA"
  },
  {
    "REGION": "LIMA",
    "codigo": "155107",
    "lat": -10.8666,
    "lon": -76.96667,
    "name": "PAMPA LIBRE"
  },
  {
    "REGION": "LIMA",
    "codigo": "000534",
    "lat": -11.3601,
    "lon": -77.36841,
    "name": "LOMAS DE LACHAY"
  },
  {
    "REGION": "LIMA",
    "codigo": "155224",
    "lat": -11.9833,
    "lon": -76.51667,
    "name": "SANTIAGO DE TUNA"
  },
  {
    "REGION": "LIMA",
    "codigo": "155213",
    "lat": -11.9180,
    "lon": -76.66678,
    "name": "SANTA EULALIA"
  },
  {
    "REGION": "LIMA",
    "codigo": "151205",
    "lat": -11.8448,
    "lon": -76.53136,
    "name": "CANCHACALLA"
  },
  {
    "REGION": "LIMA",
    "codigo": "151207",
    "lat": -12.2166,
    "lon": -76.21667,
    "name": "HUANCATA"
  },
  {
    "REGION": "LIMA",
    "codigo": "155122",
    "lat": -11.7380,
    "lon": -76.61111,
    "name": "AUTISHA"
  },
  {
    "REGION": "LIMA",
    "codigo": "156102",
    "lat": -12.1833,
    "lon": -76.35,
    "name": "SAN LAZARO DE ESCOMARCA"
  },
  {
    "REGION": "LIMA",
    "codigo": "151214",
    "lat": -12.1,
    "lon": -76.4,
    "name": "LANGA"
  },
  {
    "REGION": "LIMA",
    "codigo": "155217",
    "lat": -11.55,
    "lon": -76.61667,
    "name": "LACHAQUI"
  },
  {
    "REGION": "LIMA",
    "codigo": "000616",
    "lat": -13.0747,
    "lon": -76.33042,
    "name": "CAÑETE"
  },
  {
    "REGION": "LIMA",
    "codigo": "000638",
    "lat": -12.8668,
    "lon": -76.05793,
    "name": "PACARAN"
  },
  {
    "REGION": "LIMA",
    "codigo": "000539",
    "lat": -11.4528,
    "lon": -77.122,
    "name": "HUAYAN"
  },
  {
    "REGION": "LIMA",
    "codigo": "000546",
    "lat": -11.521,
    "lon": -77.23567,
    "name": "DONOSO"
  },
  {
    "REGION": "LIMA",
    "codigo": "155214",
    "lat": -11.2328,
    "lon": -76.65514,
    "name": "PIRCA"
  },
  {
    "REGION": "LIMA",
    "codigo": "155205",
    "lat": -11.35,
    "lon": -76.8,
    "name": "PALLAC"
  },
  {
    "REGION": "LORETO",
    "codigo": "150208",
    "lat": -3.69003,
    "lon": -73.25406,
    "name": "PUNCHANA"
  },
  {
    "REGION": "LORETO",
    "codigo": "150201",
    "lat": -3.51972,
    "lon": -72.83411,
    "name": "MANITI"
  },
  {
    "REGION": "LORETO",
    "codigo": "150204",
    "lat": -3.52311,
    "lon": -73.08333,
    "name": "TIMICURILLO"
  },
  {
    "REGION": "LORETO",
    "codigo": "151500",
    "lat": -3.42333,
    "lon": -72.76667,
    "name": "FRANCISCO ORELLANA"
  },
  {
    "REGION": "LORETO",
    "codigo": "150205",
    "lat": -3.48261,
    "lon": -73.63333,
    "name": "BELLAVISTA"
  },
  {
    "REGION": "LORETO",
    "codigo": "150207",
    "lat": -3.4625,
    "lon": -73.24056,
    "name": "LA LIBERTAD"
  },
  {
    "REGION": "LORETO",
    "codigo": "150206",
    "lat": -3.50028,
    "lon": -73.13361,
    "name": "SANTA CRUZ"
  },
  {
    "REGION": "LORETO",
    "codigo": "152409",
    "lat": -3.8894,
    "lon": -73.69617,
    "name": "SANTA MARIA DE NANAY"
  },
  {
    "REGION": "LORETO",
    "codigo": "000150",
    "lat": -3.48472,
    "lon": -73.07944,
    "name": "MAZAN"
  },
  {
    "REGION": "LORETO",
    "codigo": "153315",
    "lat": -6.07139,
    "lon": -76.25861,
    "name": "SHANUSI"
  },
  {
    "REGION": "LORETO",
    "codigo": "000278",
    "lat": -5.93361,
    "lon": -76.08361,
    "name": "SAN RAMON"
  },
  {
    "REGION": "LORETO",
    "codigo": "152406",
    "lat": -4.66667,
    "lon": -73.89205,
    "name": "BAGAZAN"
  },
  {
    "REGION": "LORETO",
    "codigo": "152401",
    "lat": -4.61388,
    "lon": -74.3738,
    "name": "SANTA RITA DE CASTILLA"
  },
  {
    "REGION": "LORETO",
    "codigo": "150209",
    "lat": -4.22636,
    "lon": -69.95629,
    "name": "SANTA ROSA"
  },
  {
    "REGION": "LORETO",
    "codigo": "152402",
    "lat": -5.26568,
    "lon": -74.35638,
    "name": "BRETAÑA"
  },
  {
    "REGION": "LORETO",
    "codigo": "000281",
    "lat": -4.90571,
    "lon": -73.64972,
    "name": "GENARO HERRERA"
  },
  {
    "REGION": "LORETO",
    "codigo": "000390",
    "lat": -6.03361,
    "lon": -74.86694,
    "name": "JUANCITO"
  },
  {
    "REGION": "MOQUEGUA",
    "codigo": "000806",
    "lat": -17.1691,
    "lon": -70.93167,
    "name": "MOQUEGUA"
  },
  {
    "REGION": "MOQUEGUA",
    "codigo": "158301",
    "lat": -16.7794,
    "lon": -70.89778,
    "name": "QUINISTAQUILLAS"
  },
  {
    "REGION": "MOQUEGUA",
    "codigo": "158308",
    "lat": -16.735,
    "lon": -70.6828,
    "name": "CALACOA"
  },
  {
    "REGION": "MOQUEGUA",
    "codigo": "158310",
    "lat": -16.1326,
    "lon": -70.55208,
    "name": "ICHUÑA"
  },
  {
    "REGION": "MOQUEGUA",
    "codigo": "000851",
    "lat": -16.3720,
    "lon": -70.85394,
    "name": "UBINAS"
  },
  {
    "REGION": "MOQUEGUA",
    "codigo": "000846",
    "lat": -17.6986,
    "lon": -71.37361,
    "name": "PUNTA COLES"
  },
  {
    "REGION": "MOQUEGUA",
    "codigo": "000840",
    "lat": -17.6269,
    "lon": -71.28806,
    "name": "ILO"
  },
  {
    "REGION": "PIURA",
    "codigo": "000207",
    "lat": -5.16667,
    "lon": -80.6,
    "name": "MIRAFLORES"
  },
  {
    "REGION": "PIURA",
    "codigo": "000247",
    "lat": -5.30389,
    "lon": -80.68064,
    "name": "SAN MIGUEL"
  },
  {
    "REGION": "PIURA",
    "codigo": "000237",
    "lat": -4.63781,
    "lon": -79.71081,
    "name": "AYABACA"
  },
  {
    "REGION": "PIURA",
    "codigo": "000238",
    "lat": -4.75237,
    "lon": -79.75792,
    "name": "SAUSAL DE CULUCAN"
  },
  {
    "REGION": "PIURA",
    "codigo": "152106",
    "lat": -4.77825,
    "lon": -79.98219,
    "name": "SAPILLICA"
  },
  {
    "REGION": "PIURA",
    "codigo": "152132",
    "lat": -5.83964,
    "lon": -79.50572,
    "name": "PORCULLA"
  },
  {
    "REGION": "PIURA",
    "codigo": "000248",
    "lat": -5.56586,
    "lon": -79.52544,
    "name": "HUARMACA"
  },
  {
    "REGION": "PIURA",
    "codigo": "152128",
    "lat": -5.37278,
    "lon": -79.35583,
    "name": "HACIENDA SHUMAYA"
  },
  {
    "REGION": "PIURA",
    "codigo": "152126",
    "lat": -5.33889,
    "lon": -79.40667,
    "name": "SONDORILLO"
  },
  {
    "REGION": "PIURA",
    "codigo": "152127",
    "lat": -5.49139,
    "lon": -79.37278,
    "name": "TULUCE"
  },
  {
    "REGION": "PIURA",
    "codigo": "150001",
    "lat": -5.07917,
    "lon": -80.01631,
    "name": "SAN PEDRO"
  },
  {
    "REGION": "PIURA",
    "codigo": "000255",
    "lat": -5.10028,
    "lon": -80.16667,
    "name": "CHULUCANAS"
  },
  {
    "REGION": "PIURA",
    "codigo": "000235",
    "lat": -5.19444,
    "lon": -79.97111,
    "name": "MORROPON"
  },
  {
    "REGION": "PIURA",
    "codigo": "152111",
    "lat": -5.32083,
    "lon": -79.78569,
    "name": "HACIENDA BIGOTE"
  },
  {
    "REGION": "PIURA",
    "codigo": "000230",
    "lat": -4.91694,
    "lon": -81.05736,
    "name": "LA ESPERANZA"
  },
  {
    "REGION": "PIURA",
    "codigo": "152103",
    "lat": -4.56694,
    "lon": -80.48361,
    "name": "LANCONES"
  },
  {
    "REGION": "PIURA",
    "codigo": "000208",
    "lat": -4.85028,
    "lon": -80.73325,
    "name": "MALLARES"
  },
  {
    "REGION": "PIURA",
    "codigo": "152101",
    "lat": -4.55917,
    "lon": -80.89806,
    "name": "PANANGA"
  },
  {
    "REGION": "PIURA",
    "codigo": "000231",
    "lat": -5.52417,
    "lon": -80.80628,
    "name": "CHUSIS"
  },
  {
    "REGION": "PIURA",
    "codigo": "152100",
    "lat": -5.45103,
    "lon": -80.73753,
    "name": "BERNAL"
  },
  {
    "REGION": "PUNO",
    "codigo": "000708",
    "lat": -15.8262,
    "lon": -70.01208,
    "name": "PUNO"
  },
  {
    "REGION": "PUNO",
    "codigo": "000818",
    "lat": -15.7204,
    "lon": -69.691,
    "name": "ISLA TAQUILE"
  },
  {
    "REGION": "PUNO",
    "codigo": "000788",
    "lat": -15.6063,
    "lon": -69.83214,
    "name": "CAPACHICA"
  },
  {
    "REGION": "PUNO",
    "codigo": "000781",
    "lat": -14.9143,
    "lon": -70.19075,
    "name": "AZANGARO"
  },
  {
    "REGION": "PUNO",
    "codigo": "000783",
    "lat": -15.1362,
    "lon": -70.11822,
    "name": "ARAPA"
  },
  {
    "REGION": "PUNO",
    "codigo": "000778",
    "lat": -14.6901,
    "lon": -70.02353,
    "name": "PROGRESO"
  },
  {
    "REGION": "PUNO",
    "codigo": "000785",
    "lat": -14.7669,
    "lon": -69.95181,
    "name": "MUÑANI"
  },
  {
    "REGION": "PUNO",
    "codigo": "007415",
    "lat": -14.3641,
    "lon": -70.02592,
    "name": "CRUCERO"
  },
  {
    "REGION": "PUNO",
    "codigo": "000880",
    "lat": -16.2037,
    "lon": -69.45992,
    "name": "JULI"
  },
  {
    "REGION": "PUNO",
    "codigo": "000883",
    "lat": -16.5633,
    "lon": -69.03883,
    "name": "DESAGUADERO"
  },
  {
    "REGION": "PUNO",
    "codigo": "000881",
    "lat": -16.9070,
    "lon": -69.36856,
    "name": "PIZACOMA"
  },
  {
    "REGION": "PUNO",
    "codigo": "000879",
    "lat": -16.0675,
    "lon": -69.66194,
    "name": "ILAVE"
  },
  {
    "REGION": "PUNO",
    "codigo": "158326",
    "lat": -17.1877,
    "lon": -69.7355,
    "name": "CAPAZO"
  },
  {
    "REGION": "PUNO",
    "codigo": "000878",
    "lat": -16.739,
    "lon": -69.71547,
    "name": "MAZO CRUZ"
  },
  {
    "REGION": "PUNO",
    "codigo": "000786",
    "lat": -15.2015,
    "lon": -69.75356,
    "name": "HUANCANE"
  },
  {
    "REGION": "PUNO",
    "codigo": "000827",
    "lat": -15.0166,
    "lon": -69.35556,
    "name": "COJATA"
  },
  {
    "REGION": "PUNO",
    "codigo": "000779",
    "lat": -15.6734,
    "lon": -70.37211,
    "name": "LAMPA"
  },
  {
    "REGION": "PUNO",
    "codigo": "000762",
    "lat": -15.4835,
    "lon": -70.67578,
    "name": "PAMPAHUTA"
  },
  {
    "REGION": "PUNO",
    "codigo": "000815",
    "lat": -15.0456,
    "lon": -70.36664,
    "name": "PUCARA"
  },
  {
    "REGION": "PUNO",
    "codigo": "000803",
    "lat": -15.7642,
    "lon": -70.91621,
    "name": "CRUCERO ALTO"
  },
  {
    "REGION": "PUNO",
    "codigo": "000776",
    "lat": -14.8726,
    "lon": -70.59289,
    "name": "AYAVIRI"
  },
  {
    "REGION": "PUNO",
    "codigo": "000823",
    "lat": -14.6237,
    "lon": -70.78653,
    "name": "SANTA ROSA"
  },
  {
    "REGION": "PUNO",
    "codigo": "000764",
    "lat": -14.7847,
    "lon": -70.71569,
    "name": "CHUQUIBAMBILLA"
  },
  {
    "REGION": "PUNO",
    "codigo": "000787",
    "lat": -15.3882,
    "lon": -69.48428,
    "name": "HUARAYA MOHO"
  },
  {
    "REGION": "PUNO",
    "codigo": "157414",
    "lat": -14.9148,
    "lon": -69.86803,
    "name": "PUTINA"
  },
  {
    "REGION": "PUNO",
    "codigo": "000826",
    "lat": -14.6787,
    "lon": -69.53453,
    "name": "ANANEA"
  },
  {
    "REGION": "PUNO",
    "codigo": "000780",
    "lat": -15.1695,
    "lon": -69.96989,
    "name": "CABANILLAS"
  },
  {
    "REGION": "PUNO",
    "codigo": "157418",
    "lat": -14.4889,
    "lon": -69.549,
    "name": "CUYO CUYO"
  },
  {
    "REGION": "PUNO",
    "codigo": "000882",
    "lat": -16.3078,
    "lon": -69.07472,
    "name": "TAHUACO - YUNGUYO"
  },
  {
    "REGION": "PUNO",
    "codigo": "000822",
    "lat": -16.3302,
    "lon": -68.85094,
    "name": "ISLA SUANA"
  },
  {
    "REGION": "SAN MARTIN",
    "codigo": "153300",
    "lat": -6.11542,
    "lon": -76.90278,
    "name": "JEPELACIO"
  },
  {
    "REGION": "AMAZONAS",
    "codigo": "153226",
    "lat": -6.14528,
    "lon": -77.09472,
    "name": "SORITOR"
  },
  {
    "REGION": "AMAZONAS",
    "codigo": "153225",
    "lat": -7.40778,
    "lon": -76.40611,
    "name": "DOS DE MAYO (J. OLAYA)"
  },
  {
    "REGION": "AMAZONAS",
    "codigo": "153312",
    "lat": -7.12611,
    "lon": -76.48278,
    "name": "NUEVO LIMA"
  },
  {
    "REGION": "AMAZONAS",
    "codigo": "153307",
    "lat": -6.80944,
    "lon": -76.57306,
    "name": "SAN PABLO"
  },
  {
    "REGION": "AMAZONAS",
    "codigo": "003308",
    "lat": -6.51889,
    "lon": -76.73,
    "name": "ALAO"
  },
  {
    "REGION": "AMAZONAS",
    "codigo": "000211",
    "lat": -6.90028,
    "lon": -76.76694,
    "name": "SAPOSOA"
  },
  {
    "REGION": "AMAZONAS",
    "codigo": "000383",
    "lat": -6.42278,
    "lon": -76.51722,
    "name": "LAMAS"
  },
  {
    "REGION": "AMAZONAS",
    "codigo": "003317",
    "lat": -6.33361,
    "lon": -76.30028,
    "name": "PONGO DE CAYNARACHI"
  },
  {
    "REGION": "AMAZONAS",
    "codigo": "000322",
    "lat": -6.41639,
    "lon": -76.6125,
    "name": "TABALOSOS"
  },
  {
    "REGION": "AMAZONAS",
    "codigo": "153311",
    "lat": -6.50028,
    "lon": -76.50028,
    "name": "CUÑUMBUQUE"
  },
  {
    "REGION": "AMAZONAS",
    "codigo": "153313",
    "lat": -6.93361,
    "lon": -76.33361,
    "name": "PICOTA"
  },
  {
    "REGION": "AMAZONAS",
    "codigo": "153316",
    "lat": -6.77861,
    "lon": -76.28056,
    "name": "PILLUANA"
  },
  {
    "REGION": "AMAZONAS",
    "codigo": "000219",
    "lat": -5.82611,
    "lon": -77.38722,
    "name": "NARANJILLO"
  },
  {
    "REGION": "AMAZONAS",
    "codigo": "153319",
    "lat": -6.56889,
    "lon": -76.09833,
    "name": "CHAZUTA"
  },
  {
    "REGION": "AMAZONAS",
    "codigo": "153322",
    "lat": -6.21556,
    "lon": -75.79,
    "name": "PELEJO"
  },
  {
    "REGION": "AMAZONAS",
    "codigo": "153320",
    "lat": -6.45278,
    "lon": -75.84556,
    "name": "PUCALLPA - HUIMBAYOC"
  },
  {
    "REGION": "AMAZONAS",
    "codigo": "000310",
    "lat": -6.58361,
    "lon": -76.31694,
    "name": "EL PORVENIR"
  },
  {
    "REGION": "AMAZONAS",
    "codigo": "153314",
    "lat": -6.41694,
    "lon": -76.41694,
    "name": "SAN ANTONIO"
  },
  {
    "REGION": "AMAZONAS",
    "codigo": "000385",
    "lat": -6.69194,
    "lon": -76.20028,
    "name": "SAUCE"
  },
  {
    "REGION": "TACNA",
    "codigo": "000901",
    "lat": -18.0268,
    "lon": -70.25153,
    "name": "JORGE BASADRE"
  },
  {
    "REGION": "TACNA",
    "codigo": "000807",
    "lat": -17.9488,
    "lon": -70.18611,
    "name": "CALANA"
  },
  {
    "REGION": "TACNA",
    "codigo": "000875",
    "lat": -17.7839,
    "lon": -70.48833,
    "name": "SAMA GRANDE"
  },
  {
    "REGION": "TACNA",
    "codigo": "158325",
    "lat": -17.6608,
    "lon": -69.94889,
    "name": "TOQUELA"
  },
  {
    "REGION": "TACNA",
    "codigo": "158321",
    "lat": -17.7791,
    "lon": -69.96583,
    "name": "PALCA"
  },
  {
    "REGION": "TACNA",
    "codigo": "158328",
    "lat": -17.525,
    "lon": -69.77944,
    "name": "PAUCARANI"
  },
  {
    "REGION": "TACNA",
    "codigo": "000853",
    "lat": -17.6097,
    "lon": -70.76222,
    "name": "LOCUMBA"
  },
  {
    "REGION": "TACNA",
    "codigo": "000860",
    "lat": -17.305,
    "lon": -69.64361,
    "name": "CHUAPALCA"
  },
  {
    "REGION": "TACNA",
    "codigo": "000877",
    "lat": -17.4741,
    "lon": -70.03389,
    "name": "TARATA"
  },
  {
    "REGION": "TACNA",
    "codigo": "158323",
    "lat": -17.5591,
    "lon": -69.99972,
    "name": "TALABAYA"
  },
  {
    "REGION": "TACNA",
    "codigo": "158318",
    "lat": -17.3725,
    "lon": -70.13556,
    "name": "SITAJARA"
  },
  {
    "REGION": "TACNA",
    "codigo": "158317",
    "lat": -17.351,
    "lon": -70.13333,
    "name": "SUSAPAYA"
  },
  {
    "REGION": "TACNA",
    "codigo": "158327",
    "lat": -17.2372,
    "lon": -69.81306,
    "name": "CHALLAPALCA"
  },
  {
    "REGION": "TUMBES",
    "codigo": "000132",
    "lat": -3.50556,
    "lon": -80.46528,
    "name": "PUERTO PIZARRO"
  },
  {
    "REGION": "TUMBES",
    "codigo": "151100",
    "lat": -3.80233,
    "lon": -80.45667,
    "name": "EL TIGRE"
  },
  {
    "REGION": "TUMBES",
    "codigo": "000135",
    "lat": -3.43361,
    "lon": -80.31694,
    "name": "EL SALTO"
  },
  {
    "REGION": "TUMBES",
    "codigo": "150112",
    "lat": -3.6825,
    "lon": -80.21525,
    "name": "MATAPALO"
  },
  {
    "REGION": "UCAYALI",
    "codigo": "000459",
    "lat": -8.44999,
    "lon": -75.09675,
    "name": "EL MARONAL"
  }
]